{"chain_subprj_list":null,"creation_date":"2020-10-15","ligands":[],"major_issues":null,"mdlchain_butpl_map":{"E":"6x18.1.E"},"mdl_smtl_map":{"E":"E"},"mod_engine":"PROMOD3","modified_template":false,"oligo":{"based_on":"monomer","state":"monomer","state_bu":"hetero-1-1-1-1-1-1-mer","state_tpl":"monomer","qs_prediction":"0.000","qs_conserved":"not conserved","chains_to_mdl":1,"res_to_mdl":30},"plip":{},"pred_lddt":0.561597167,"qmean_values":{"global_scores":{"qmean4_norm_score":0.6673640014,"qmean4_z_score":-0.7956423018,"qmean6_norm_score":0.6242413109,"qmean6_z_score":-0.9583936874,"interaction_norm_score":-0.0952187109,"interaction_z_score":2.0987702019,"cbeta_norm_score":-0.0037215588,"cbeta_z_score":-1.4110231478,"packing_norm_score":-0.4610355629,"packing_z_score":0.5630428074,"torsion_norm_score":0.0781502076,"torsion_z_score":-1.1639670848,"ss_agreement_norm_score":0.4729545116,"ss_agreement_z_score":-0.0654199863,"acc_agreement_norm_score":0.5333333333,"acc_agreement_z_score":-1.4349445036,"avg_local_score":0.7385349085,"avg_local_score_error":0.115},"local_scores":{"E":[null,null,null,null,null,null,0.5440904214,0.5590528006,0.3950448823,0.3820648564,0.4909505897,0.6349786816,0.7222211618,0.7494135345,0.7919427742,0.8112887512,0.8055338257,0.7962488617,0.8015169776,0.8262133446,0.7745547633,0.8695014037,0.7918306742,0.8297161556,0.8315060012,0.7862564941,0.7588438978,0.8066121041,0.8415135311,0.861179409,0.8059311655,0.85238302,0.8610786135,0.8027567545,0.6952951918,0.6765266114,null]},"qmean_version":"4.1.0"},"residue_range":[{"chain_name":"E","residue_from":"7","residue_to":"36"}],"templates":["4adbb06c91c583ac91027bbc3c631bd29f704985"],"tpl_info":{"6x18.1.E":{"origin":"reference database","label_asym_id":"E","label_smtl_id":"E","entity_type":"polymer","entity_id":"5"}}}